brand,name,price
Don Julio Tequila,Don Julio Blanco Personalized Name Label,$54.99
Blackened American Whiskey,"Blackened Cask Strength Private Select by ""San Diego Barrel Boys""",$69.99
High West Whiskey,"High West American Prairie ""SDBB"" Store Pick",$69.99
Sip Whiskey,"Blanton's Original Single Barrel, Blanton’s Gold Edition 700ml, Blanton’s Straight From The Barrel 700ml Special",$899.99
Jack Daniel's,Jack Daniel’s Holiday Advent Countdown Calendar,$34.99
Buffalo Trace,Weller Special Combo Pack,$549.99
Buffalo Trace,"*Buffalo Trace Combo Pack* Eagle Rare 10 Year, Sazerac Rye, Buffalo Trace Bourbon",$159.99
Brother's Bond Distilling Company,Brother's Bond Straight Bourbon Whiskey,$39.99
The Sassenach,The Sassenach,$98.99
CÎROC,Ciroc Pomegranate Vodka,$29.99
Sip Whiskey,Gift Card,$25.00
Colonel E.H. Taylor,"Colonel E.H. Taylor, Jr. Small Batch",$139.99
Willett Distillery,Willett Pot Still Reserve,$64.99
Skrewball Peanut Butter Whiskey,Skrewball Peanut Butter Whiskey,$25.99
Woodford Reserve,Woodford Reserve Holiday Edition 2021,$59.99
Buffalo Trace,Buffalo Trace Bourbon Cream,$16.99
Crown Royal,Crown Royal Peach,$28.99
Blanton's Bourbon,Blanton's Original Single Barrel 750ML,$199.99
Elijah Craig,Elijah Craig Small Batch X Bridgestone 3PK Golf Balls,$28.99
Buffalo Trace,Buffalo Trace Bourbon,$44.99
Hibiki,Hibiki Harmony,$149.99
Hakushu,The Hakushu 12 Years Old,$249.99
Kaiyō,Kaiyō Cask Strength Japanese Mizunara Oak Whisky,$106.99
Mars Iwai Japanese Whisky,Mars Iwai Japanese Whisky,$38.99
Kaiyō,Kaiyo The Sheri Japanese Mizunara Oak Finish Whisky,$139.99
Nikka,Nikka Miyagikyo Single Malt,$99.99
Kamiki Japanese Whisky,Kamiki Maltage Japanese Whiskey,$89.99
Kaiyō,Kaiyō The Single 7 Year Old,$54.99
Kaiyō,Kaiyō Japanese Mizunara Oak Whisky,$70.99
Akashi,Akashi White Oak Japanese Whisky,$42.99
Yamato,Yamato Takeda Shingen Edition Mizunara Cask Japanese Whisky,$179.99
Nikka,Nikka Coffey Grain Whisky,$99.99
Eagle Rare,Eagle Rare,$83.99
Nikka,Nikka Coffey Malt Whisky,$99.99
Nikka,Nikka Whisky From The Barrel,$149.99
Yamazaki,Yamazaki 12 Years Old,$249.99
Suntory,Suntory Whisky Toki,$39.99
Yamato,Yamato Samurai Edition Gold Japanese Whisky,$104.99
Yamato,Yamato Blue Ox Cask Strength Japanese Whisky 1.75ML,$219.99
Yamato,Yamato Samurai Edition Black Japanese Whisky,$104.99
Fukano Distillery,Fukano Distillery 12 Year Old Single Cask,$0.00
Teitessa,Teitessa 15 Year Old Japanese Whisky,$199.99
Nikka Days,Nikka Days Whisky,$59.99
Hibiki,Hibiki 21 Years Old,"$1,499.99"
Hakushu,Hakushu 18 Years Old,$899.99
Shunka Shuto,Shunka Shuto Winter Japanese Whisky,$59.99
Kangakoi Whisky,Kangakoi 7 Year Single Grain Japanese Whisky,$129.99
Ichiro's Malt Whiskey,Ichiro's Malt Chichibu The US Edition 2019 Single Malt Whiskey,"$1,499.99"
Kaiyō,Kaiyō 22 Year Old,$199.95
Nikka,Nikka Yoichi Apple Brandy Wood Finish,$599.99
Nikka,Nikka Miyagikyo Apple Brandy Wood Finish,$599.99
Nikka,Nikka Whisky Yoichi Single Malt Non-Peated Discovery Series 2021,$599.99
Nikka,Nikka Discovery Miyagikyo Peated Single Malt,$599.99
Nikka,Nikka Taketsuru Pure Malt 21 Years Old,$899.99
Bikoku,Bikoku Pure Malt,$79.99
Kaiyo Whisky,Kaiyo Kuri Wood Single Cask Strength Whisky,$0.00
Kaiyo Whisky,Kaiyo 5 Wood Whisky,$0.00
Kaiyo Whisky,Kaiyo The Unicorn,$0.00
Kaiyo Whisky,Kaiyo The Sakura,$0.00
Hibiki,Hibiki Harmony Blossom Limited Edition 700ml,$949.99
Hibiki,Hibiki 21 Years Old Kacho Fugetsu,"$1,999.99"
Hibiki,Hibiki Suntory Whisky Japanese Harmony Master's Select Limited Edition Gift Packaging,$0.00
Hibiki,Hibiki 17 Years Old,$999.99
Akashi,Akashi Single Malt Japanese Whisky,$119.99
Hibiki,Hibiki Harmony 2021 Limited Edition,$899.99
Nikka,Nikka Yoichi Single Malt,$99.99
Teitessa,Teitessa 27 Year Old Purple Edition Japanese Whisky,$239.99
Teitessa,Teitessa 20 Year Old Yellow Edition Japanese Whisky,$209.99
Nikka,Nikka Taketsuru Pure Malt,$99.99
Mars Iwai Japanese Whisky,Mars Iwai Tradition Japanese Whisky,$54.99
Kaiyō,Kaiyō The Peated Japanese Mizunara Oak Whisky,$119.99
Hibiki,Hibiki Blender’s Choice 700ml,$344.99
Ohishi Distillery,Ohishi Distillery Brandy Cask Finish,$59.99
Shunka Shuto,Shunka Shuto Summer Japanese Whisky,$59.99
Hibiki,Hibiki 12 Years Old,$599.99
Teitessa,Teitessa 25 Year Old Japanese Whisky,$249.99
Hibiki,Hibiki Japanese 2018 Harmony Limited Edition,"$2,499.99"
Nikka,Nikka Taketsuru Pure Malt 17 Years Old,$599.99
Shunka Shuto,Shunka Shuto Spring Japanese Whisky,$59.99
Yamato,Yamato Small Batch Japanese Whisky,$64.99
Teitessa,Teitessa 30 Year Old Japanese Whisky,$299.99
Yamato,Yamato Cask Strength 86.8 Proof Whisky,$139.99
Yamato,Yamato Whisky Red Samurai Edition,$79.99
Yamato,Yamato Three Cats Japanese Whisky 3x375ml,$129.99
Yamazaki,The Yamazaki Sherry Cask 2016 Edition,"$8,999.99"
Shunka Shuto,Shunka Shuto Autumn Japanese Whisky,$59.99
Yamazaki,Yamazaki 18 Mizunara Cask 2017 Edition,"$6,999.99"
Yamazaki,Suntory Yamazaki Single Malt Whisky 1984,"$24,999.99"
Yamazaki,Yamazaki 25 Year Old,"$18,999.99"
Yamazaki,Yamazaki 18 Years Old,"$1,299.99"
Tenjaku,Tenjaku Whisky,$45.00
Tenjaku,Tenjaku Whisky Pure Malt,$79.99
The Yamazaki,The Yamazaki Puncheon 2022 Edition,$0.00
The Yamazaki,The Yamazaki Spanish Oak 2022 Edition,$0.00
Mars,Mars Komagatake 2021 Edition Single Malt Japanese Whisky,$0.00
Mars,Mars Iwai Tradition Napa Wine Cask Finish,$0.00
Mars,Mars Iwai Tradition Sakura Cask Finish,$0.00
Bushido Whisky,Makoto 23 Year Old Japanese Whiskey,$649.99
Ohishi Distillery,Ohishi Distillery 8 Year Old Matured in Ex-Sherry Casks,$79.99
Ohishi Distillery,Ohishi Distillery Sherry Cask Finish,$59.99
Ohishi Distillery,Ohishi Distillery 10 Year Old Matured in Ex Brandy Casks,$79.99
Ohishi Distillery,Ohishi Distillery Islay Cask Finish,$79.99
Ohishi Distillery,Ohishi Distillery Port Cask Finish,$89.99
Kamiki,Kamiki Maltage Intense Wood Japanese Whisky,$89.99
Bushido Whisky,Meiyo 15 Year Old Japanese Whisky,$269.99
FUK Whisky,FUK 3 Year Old Japanese Whisky,$49.99
Mars,Komagatake X Chichibu Malt Duo Shinshu Aging 2021 Release,$599.99
Ohishi Distillery,Ohishi Distillery 15 Year Old Sherry Cask,$199.99
Ohishi Distillery,Ohishi Distillery Tokubetsu Reserve,$249.99
Ohishi Distillery,Ohishi Distillery Sakura,$89.99
Akkeshi Distillery,The Akkeshi New Born Foundations 4 2019 Malt & Grain Single Malt Whisky,$99.99
Mars,Mars Komagatake 2021 IPA Cask Finish Single Malt Japanese Whisky,$0.00
Mars,Mars Iwai 45 Japanese Whisky 1.8L,$0.00
Mars,Mars Komagatake 2021 Yakushima Aging Single Malt Japanese Whisky,$0.00
Mars,Mars Tsunuki 2022 Edition Single Malt Japanese Whisky,$0.00
Mars,Mars Iwai Tradtion Chesnut Cask Finish 1.8L,$0.00
Mars,Mars Tsunuki Peated Single Malt Japanese Whisky,$0.00
Akashi,Akashi Single Malt Sommelier Series Pinot Noir Wine Cask Finish,$0.00
